<?xml version="1.0" encoding="UTF-8"?>

<xs:schema xmlns:xsi="http://www.w3.org/2001/XMLSchema-instance" xsi:noNamespaceSchemaLocation="colegio.xsd">
    <instituto>

        <secretaria>
            <empleado id="E1">
                <nombre>Laura</nombre>
                <edad>35</edad>
                <dni>12345678A</dni>
            </empleado>
            <empleado id="E2">
                <nombre>Pedro</nombre>
                <edad>40</edad>
                <dni>87654321B</dni>
            </empleado>
        </secretaria>

        <profesores>

            <profesor id="P1">
                <nombre>Aitor</nombre>
                <edad>30</edad>
            </profesor>

            <profesor id="P2">
                <nombre>Daniel</nombre>
                <edad>29</edad>
            </profesor>

            <profesor id="P3">
                <nombre>Nuria</nombre>
                <edad>28</edad>
            </profesor>

            <profesor id="P4">
                <nombre>Roberto</nombre>
                <edad>27</edad>
            </profesor>

            <profesor id="P5">
                <nombre>Maria</nombre>
                <edad>31</edad>
            </profesor>

            <profesor id="P6">
                <nombre>Lucia</nombre>
                <edad>26</edad>
            </profesor>

        </profesores>

        <cursos>
            <curso id="C1">
                <nombre>DAM</nombre>



                <alumnos>
                    <alumno id="A1">
                        <nombre>Javier</nombre>
                        <edad>19</edad>
                    </alumno>

                    <alumno id="A2">
                        <nombre>Juanda</nombre>
                        <edad>19</edad>
                    </alumno>

                    <alumno id="A3">
                        <nombre>Sergio</nombre>
                        <edad>32</edad>
                    </alumno>

                    <alumno id="A4">
                        <nombre>Ivan</nombre>
                        <edad>18</edad>
                    </alumno>

                    <alumno id="A5">
                        <nombre>Jean Pierre</nombre>
                        <edad>18</edad>
                    </alumno>

                    <alumno id="A6">
                        <nombre>Omar</nombre>
                        <edad>22</edad>
                    </alumno>
                </alumnos>
                
            </curso>
            <curso id="C2">
                
                <nombre>ASIR</nombre>


                <alumnos>
                    <alumno id="A7">
                        <nombre>Carlos</nombre>
                        <edad>20</edad>
                    </alumno>

                    <alumno id="A8">
                        <nombre>Fernando</nombre>
                        <edad>21</edad>
                    </alumno>

                    <alumno id="A9">
                        <nombre>Andres</nombre>
                        <edad>23</edad>
                    </alumno>
                </alumnos>
            </curso>
        </cursos>
    </instituto>
</xs:schema>